"consumption_id","plan_id","week_start","material_id","consumed_qty","issue_source","line"
"CON-0001","PLAN-001","2026-04-01","SCR-M2-04","2589","ERP","SMT-A"
"CON-0002","PLAN-001","2026-04-01","PKG-CTN-7","376","ERP","SMT-A"
"CON-0003","PLAN-001","2026-04-01","PCB-MAIN-01","276","ERP","SMT-A"
"CON-0004","PLAN-001","2026-04-01","PWR-ADP-12V","276","ERP","SMT-A"
"CON-0005","PLAN-001","2026-04-01","CAS-AL-2","246","ERP","SMT-A"
"CON-0006","PLAN-001","2026-04-01","PWR-CAB-USB","276","ERP","SMT-A"
"CON-0007","PLAN-001","2026-04-01","PKG-LBL-QC","371","ERP","SMT-A"
"CON-0008","PLAN-001","2026-04-01","SCR-M2-04","1624","ERP","SMT-A"
"CON-0009","PLAN-001","2026-04-01","PKG-CTN-7","283","ERP","SMT-A"
"CON-0010","PLAN-002","2026-04-08","PCB-MAIN-01","456","ERP","SMT-A"
"CON-0011","PLAN-002","2026-04-08","PWR-ADP-12V","456","ERP","SMT-A"
"CON-0012","PLAN-002","2026-04-08","CAS-AL-2","405","ERP","SMT-A"
"CON-0013","PLAN-002","2026-04-08","SEN-TEMP-01","912","ERP","SMT-A"
"CON-0014","PLAN-002","2026-04-08","THM-PAD-01","601","ERP","SMT-A"
"CON-0015","PLAN-002","2026-04-08","PKG-CTN-7","337","ERP","SMT-A"
"CON-0016","PLAN-002","2026-04-08","PCB-IO-02","387","ERP","SMT-A"
"CON-0017","PLAN-002","2026-04-08","SCR-M2-04","1551","ERP","SMT-A"
"CON-0018","PLAN-002","2026-04-08","CAS-PL-1","362","ERP","SMT-A"
"CON-0019","PLAN-002","2026-04-08","PCB-MAIN-01","349","ERP","SMT-A"
"CON-0020","PLAN-002","2026-04-08","SEN-TEMP-01","349","ERP","SMT-A"
"CON-0021","PLAN-002","2026-04-08","PWR-CAB-USB","349","ERP","SMT-A"
"CON-0022","PLAN-003","2026-04-15","PKG-LBL-QC","979","ERP","SMT-A"
"CON-0023","PLAN-003","2026-04-15","THM-PAD-01","480","ERP","SMT-A"
"CON-0024","PLAN-003","2026-04-15","PCB-IO-02","325","ERP","SMT-A"
"CON-0025","PLAN-003","2026-04-15","SCR-M2-04","2598","ERP","SMT-A"
"CON-0026","PLAN-003","2026-04-15","PKG-CTN-7","283","ERP","SMT-A"
"CON-0027","PLAN-003","2026-04-15","CAS-PL-1","429","ERP","SMT-A"
"CON-0028","PLAN-003","2026-04-15","PWR-CAB-USB","412","ERP","SMT-A"
"CON-0029","PLAN-003","2026-04-15","PWR-ADP-12V","412","ERP","SMT-A"
"CON-0030","PLAN-003","2026-04-15","PKG-LBL-QC","762","ERP","SMT-A"
"CON-0031","PLAN-003","2026-04-15","SEN-HUM-02","373","ERP","SMT-A"
"CON-0032","PLAN-004","2026-04-22","SCR-M2-04","3025","ERP","SMT-A"
"CON-0033","PLAN-004","2026-04-22","PKG-CTN-7","439","ERP","SMT-A"
"CON-0034","PLAN-004","2026-04-22","PCB-MAIN-01","349","ERP","SMT-A"
"CON-0035","PLAN-004","2026-04-22","PWR-ADP-12V","349","ERP","SMT-A"
"CON-0036","PLAN-004","2026-04-22","CAS-AL-2","309","ERP","SMT-A"
"CON-0037","PLAN-004","2026-04-22","PWR-CAB-USB","349","ERP","SMT-A"
"CON-0038","PLAN-004","2026-04-22","PKG-LBL-QC","445","ERP","SMT-A"
"CON-0039","PLAN-004","2026-04-22","SCR-M2-04","1988","ERP","SMT-A"
"CON-0040","PLAN-004","2026-04-22","PKG-CTN-7","346","ERP","SMT-A"
"CON-0041","PLAN-005","2026-04-29","PCB-MAIN-01","408","ERP","SMT-A"
"CON-0042","PLAN-005","2026-04-29","PWR-ADP-12V","408","ERP","SMT-A"
"CON-0043","PLAN-005","2026-04-29","CAS-AL-2","361","ERP","SMT-A"
"CON-0044","PLAN-005","2026-04-29","SEN-TEMP-01","815","ERP","SMT-A"
"CON-0045","PLAN-005","2026-04-29","THM-PAD-01","504","ERP","SMT-A"
"CON-0046","PLAN-005","2026-04-29","PKG-CTN-7","296","ERP","SMT-A"
"CON-0047","PLAN-005","2026-04-29","PCB-IO-02","339","ERP","SMT-A"
"CON-0048","PLAN-005","2026-04-29","SCR-M2-04","1357","ERP","SMT-A"
"CON-0049","PLAN-005","2026-04-29","CAS-PL-1","312","ERP","SMT-A"
"CON-0050","PLAN-005","2026-04-29","PCB-MAIN-01","301","ERP","SMT-A"
"CON-0051","PLAN-005","2026-04-29","SEN-TEMP-01","301","ERP","SMT-A"
"CON-0052","PLAN-005","2026-04-29","PWR-CAB-USB","301","ERP","SMT-A"
"CON-0053","PLAN-006","2026-05-06","PKG-LBL-QC","880","ERP","SMT-A"
"CON-0054","PLAN-006","2026-05-06","THM-PAD-01","432","ERP","SMT-A"
"CON-0055","PLAN-006","2026-05-06","PCB-IO-02","276","ERP","SMT-A"
"CON-0056","PLAN-006","2026-05-06","SCR-M2-04","2210","ERP","SMT-A"
"CON-0057","PLAN-006","2026-05-06","PKG-CTN-7","241","ERP","SMT-A"
"CON-0058","PLAN-006","2026-05-06","CAS-PL-1","378","ERP","SMT-A"
"CON-0059","PLAN-006","2026-05-06","PWR-CAB-USB","363","ERP","SMT-A"
"CON-0060","PLAN-006","2026-05-06","PWR-ADP-12V","363","ERP","SMT-A"
"CON-0061","PLAN-006","2026-05-06","PKG-LBL-QC","663","ERP","SMT-A"
"CON-0062","PLAN-006","2026-05-06","SEN-HUM-02","325","ERP","SMT-A"
"CON-0063","PLAN-007","2026-05-13","SCR-M2-04","2735","ERP","SMT-A"
"CON-0064","PLAN-007","2026-05-13","PKG-CTN-7","397","ERP","SMT-A"
"CON-0065","PLAN-007","2026-05-13","PCB-MAIN-01","301","ERP","SMT-A"
"CON-0066","PLAN-007","2026-05-13","PWR-ADP-12V","301","ERP","SMT-A"
"CON-0067","PLAN-007","2026-05-13","CAS-AL-2","267","ERP","SMT-A"
"CON-0068","PLAN-007","2026-05-13","PWR-CAB-USB","301","ERP","SMT-A"
"CON-0069","PLAN-007","2026-05-13","PKG-LBL-QC","395","ERP","SMT-A"
"CON-0070","PLAN-007","2026-05-13","SCR-M2-04","1745","ERP","SMT-A"
"CON-0071","PLAN-007","2026-05-13","PKG-CTN-7","304","ERP","SMT-A"
"CON-0072","PLAN-008","2026-05-20","PCB-MAIN-01","480","ERP","SMT-A"
"CON-0073","PLAN-008","2026-05-20","PWR-ADP-12V","480","ERP","SMT-A"
"CON-0074","PLAN-008","2026-05-20","CAS-AL-2","426","ERP","SMT-A"
"CON-0075","PLAN-008","2026-05-20","SEN-TEMP-01","960","ERP","SMT-A"
"CON-0076","PLAN-008","2026-05-20","THM-PAD-01","649","ERP","SMT-A"
"CON-0077","PLAN-008","2026-05-20","PKG-CTN-7","359","ERP","SMT-A"
"CON-0078","PLAN-008","2026-05-20","PCB-IO-02","412","ERP","SMT-A"
"CON-0079","PLAN-008","2026-05-20","SCR-M2-04","1648","ERP","SMT-A"
"CON-0080","PLAN-008","2026-05-20","CAS-PL-1","388","ERP","SMT-A"
"CON-0081","PLAN-008","2026-05-20","PCB-MAIN-01","373","ERP","SMT-A"
"CON-0082","PLAN-008","2026-05-20","SEN-TEMP-01","373","ERP","SMT-A"
"CON-0083","PLAN-008","2026-05-20","PWR-CAB-USB","373","ERP","SMT-A"
"CON-0084","PLAN-009","2026-05-27","PKG-LBL-QC","1266","ERP","SMT-A"
"CON-0085","PLAN-009","2026-05-27","THM-PAD-01","621","ERP","SMT-A"
"CON-0086","PLAN-009","2026-05-27","PCB-IO-02","465","ERP","SMT-A"
"CON-0087","PLAN-009","2026-05-27","SCR-M2-04","3723","ERP","SMT-A"
"CON-0088","PLAN-009","2026-05-27","PKG-CTN-7","405","ERP","SMT-A"
"CON-0089","PLAN-009","2026-05-27","CAS-PL-1","575","ERP","SMT-A"
"CON-0090","PLAN-009","2026-05-27","PWR-CAB-USB","552","ERP","SMT-A"
"CON-0091","PLAN-009","2026-05-27","PWR-ADP-12V","552","ERP","SMT-A"
"CON-0092","PLAN-009","2026-05-27","PKG-LBL-QC","1048","ERP","SMT-A"
"CON-0093","PLAN-009","2026-05-27","SEN-HUM-02","514","ERP","SMT-A"
"CON-0094","PLAN-010","2026-06-03","SCR-M2-04","3142","ERP","SMT-A"
"CON-0095","PLAN-010","2026-06-03","PKG-CTN-7","456","ERP","SMT-A"
"CON-0096","PLAN-010","2026-06-03","PCB-MAIN-01","368","ERP","SMT-A"
"CON-0097","PLAN-010","2026-06-03","PWR-ADP-12V","368","ERP","SMT-A"
"CON-0098","PLAN-010","2026-06-03","CAS-AL-2","327","ERP","SMT-A"
"CON-0099","PLAN-010","2026-06-03","PWR-CAB-USB","368","ERP","SMT-A"
"CON-0100","PLAN-010","2026-06-03","PKG-LBL-QC","465","ERP","SMT-A"
"CON-0101","PLAN-010","2026-06-03","SCR-M2-04","2085","ERP","SMT-A"
"CON-0102","PLAN-010","2026-06-03","PKG-CTN-7","363","ERP","SMT-A"
"CON-0103","PLAN-011","2026-06-10","PCB-MAIN-01","432","ERP","SMT-A"
"CON-0104","PLAN-011","2026-06-10","PWR-ADP-12V","432","ERP","SMT-A"
"CON-0105","PLAN-011","2026-06-10","CAS-AL-2","383","ERP","SMT-A"
"CON-0106","PLAN-011","2026-06-10","SEN-TEMP-01","863","ERP","SMT-A"
"CON-0107","PLAN-011","2026-06-10","THM-PAD-01","552","ERP","SMT-A"
"CON-0108","PLAN-011","2026-06-10","PKG-CTN-7","317","ERP","SMT-A"
"CON-0109","PLAN-011","2026-06-10","PCB-IO-02","363","ERP","SMT-A"
"CON-0110","PLAN-011","2026-06-10","SCR-M2-04","1454","ERP","SMT-A"
"CON-0111","PLAN-011","2026-06-10","CAS-PL-1","337","ERP","SMT-A"
"CON-0112","PLAN-011","2026-06-10","PCB-MAIN-01","325","ERP","SMT-A"
"CON-0113","PLAN-011","2026-06-10","SEN-TEMP-01","325","ERP","SMT-A"
"CON-0114","PLAN-011","2026-06-10","PWR-CAB-USB","325","ERP","SMT-A"
"CON-0115","PLAN-012","2026-06-17","PKG-LBL-QC","930","ERP","SMT-A"
"CON-0116","PLAN-012","2026-06-17","THM-PAD-01","456","ERP","SMT-A"
"CON-0117","PLAN-012","2026-06-17","PCB-IO-02","301","ERP","SMT-A"
"CON-0118","PLAN-012","2026-06-17","SCR-M2-04","2404","ERP","SMT-A"
"CON-0119","PLAN-012","2026-06-17","PKG-CTN-7","262","ERP","SMT-A"
"CON-0120","PLAN-012","2026-06-17","CAS-PL-1","403","ERP","SMT-A"
"CON-0121","PLAN-012","2026-06-17","PWR-CAB-USB","387","ERP","SMT-A"
"CON-0122","PLAN-012","2026-06-17","PWR-ADP-12V","387","ERP","SMT-A"
"CON-0123","PLAN-012","2026-06-17","PKG-LBL-QC","712","ERP","SMT-A"
"CON-0124","PLAN-012","2026-06-17","SEN-HUM-02","349","ERP","SMT-A"
"CON-0125","PLAN-013","2026-06-24","SCR-M2-04","2880","ERP","SMT-A"
"CON-0126","PLAN-013","2026-06-24","PKG-CTN-7","418","ERP","SMT-A"
"CON-0127","PLAN-013","2026-06-24","PCB-MAIN-01","325","ERP","SMT-A"
"CON-0128","PLAN-013","2026-06-24","PWR-ADP-12V","325","ERP","SMT-A"
"CON-0129","PLAN-013","2026-06-24","CAS-AL-2","288","ERP","SMT-A"
"CON-0130","PLAN-013","2026-06-24","PWR-CAB-USB","325","ERP","SMT-A"
"CON-0131","PLAN-013","2026-06-24","PKG-LBL-QC","420","ERP","SMT-A"
"CON-0132","PLAN-013","2026-06-24","SCR-M2-04","1867","ERP","SMT-A"
"CON-0133","PLAN-013","2026-06-24","PKG-CTN-7","325","ERP","SMT-A"
"CON-0134","PLAN-014","2026-07-01","PCB-MAIN-01","504","ERP","SMT-A"
"CON-0135","PLAN-014","2026-07-01","PWR-ADP-12V","504","ERP","SMT-A"
